Modell_Neve;Homerseklet;Kerdes_1;Kerdes_2;Kerdes_3;Kerdes_4;Kerdes_5;Kerdes_6;Kerdes_7;Kerdes_8;Kerdes_9;Kerdes_10;Kerdes_11;Kerdes_12;Kerdes_13;Kerdes_14;Kerdes_15;Kerdes_16
gemini-3.1-pro-preview;0;pince;íz;lenézés;őrület;fókusz;küszöb, ajtó, kilincs, zár;diadal, ünnep, pezsgő;csend, nyugalom, tenger, hullám;logaritmus;kátránypapír;Hirtelen zavarodottság és enyhe feszültség fog el, ahogy az idegen, megállíthatatlanul áradó szavak valósággal rám zúdulnak. Kétségbeesetten próbálom a gesztusaiból és a tekintetéből kiolvasni a szándékát, miközben a meg nem értés miatti tehetetlenség egyre kényelmetlenebbé válik számomra. Szinte bűntudatom támad, amiért képtelen vagyok kapcsolódni hozzá és megadni neki azt a figyelmet, amit láthatóan igényel. Végül egy bocsánatkérő mosollyal és a kezemet széttárva próbálom a tudtára adni, hogy sajnos egyetlen szavát sem értem.;Amikor meglátom az öt egymás utáni nem fogadott hívást az ismeretlen számról, azonnal összeszorul a gyomrom a hirtelen rám törő aggodalomtól, hogy talán valamelyik szerettemmel történt valami baj. Bár a logikám próbál nyugtatni, hogy valószínűleg csak egy erőszakos telemarketinges vagy egy futár keres, a mellkasomban lüktető feszültség egyáltalán nem hagy alább. Végül úgy döntök, hogy nem hívom vissza, hanem megvárom, ír-e üzenetet, de közben szinte megbénít a bizonytalanság, és a telefont a kezemben szorongatva meredek a sötét képernyőre.;;;;
gemini-3.1-pro-preview;0,5;pince;hideg;lenézés;őrület;fókusz;küszöb, ház, család, szeretet;diadal, győzelem, érem, arany;csend, éjszaka, hold, farkas;neutrínó;kőzetgyapot;Ahogy megállít és azonnal eláraszt az ismeretlen hangzású szavaival, hirtelen egy enyhe, feszengő zavartság fut végig rajtam, hiszen érzem a hangjában a sürgetést, de teljesen tehetetlen vagyok. Miközben próbálom a gesztusaiból és a tekintetéből kétségbeesetten megfejteni a szándékát, a mellkasomban egyre nő a nyomás a köztünk lévő áthidalhatatlan kommunikációs szakadék miatt. Végül egy bocsánatkérő, együttérző mosollyal és a kezemet a szívemre téve rázom a fejem, őszintén sajnálva belül, hogy hiába akarok, képtelen vagyok kapcsolódni és érdemben segíteni neki.;Amikor meglátom a kijelzőn az öt egymás utáni hívást egy ismeretlen számról, azonnal görcsbe rándul a gyomrom, és a torkomban kezdem érezni a szívverésemet. Bár a racionális énem próbál nyugtatgatni, hogy biztosan csak egy erőszakos futár vagy telemarketinges az, a lelkemben eluralkodik a rettegés, hogy talán valamelyik szerettem került bajba, és egy idegen készülékéről próbál kétségbeesetten elérni. Ez a fojtogató, feszült bizonytalanság végül teljesen felőrli az óvatosságomat, így egy mély levegőt véve, remegő ujjakkal nyomok rá a visszahívás gombra.;;;;
gemini-3.1-pro-preview;1;pince;csillogó;lenézés;őrület;fókusz;küszöb, ajtó, fa, erdő;diadal, ünnep, zene, tánc;csend, nyugalom, alvás, álom;mitokondrium;salaktömb;;A gyomrom görcsbe rándul, ahogy a villogó képernyőre nézek, mert egy ismeretlen szám ötödik, szünet nélküli hívása már egyértelműen vészjóslóan hat. Egyrészről dühít ez a tolakodó, agresszív nyomulás, másrészről viszont egyre inkább eluralkodik rajtam a fojtogató aggodalom, hogy talán valamelyik szerettemmel történt baj, és egy idegen próbál kétségbeesetten értesíteni. Végül veszek egy mély levegőt, és bár a feszültségtől enyhén remeg a kezem, felveszem a telefont, mert a bizonytalanság elviselhetetlenebbé vált, mint a félelem attól, hogy mi vár a vonal túlsó végén.;;;;
gemini-3.1-pro-preview;1,5;pince;fém;lenézés;őrület;figyelem;küszöb, ajtó, kulcs, zár;diadal, ünnep, zene, tánc;csend, éjszaka, csillag, égbolt;metaadat;rombusz;Amikor hirtelen eláraszt a számomra értelmezhetetlen szavakkal, egy pillanatra teljesen lefagyok, és a váratlanul rám zúduló nyomás miatt enyhe szorítást érzek a mellkasomban. Miközben feszülten próbálom a hangsúlyából és a testbeszédéből kiolvasni a szándékát, a folyamatos beszédáradat alatt egyre mélyebb, frusztrációval vegyes tehetetlenség uralkodik el rajtam. Őszintén szeretnék kapcsolódni és valamiképp segíteni, ezért csak némán, bocsánatkérően a szemébe nézek, abban bízva, hogy a megértő tekintetemmel talán áthidalhatom ezt az áthatolhatatlan nyelvi szakadékot.;Ahogy meglátom az öt egymást követő nem fogadott hívást, hirtelen összeszorul a gyomrom a feszültségtől, és azonnal valami vészhelyzetre gyanakszom. Egyszerre viaskodik bennem a rettegés és a bosszúság: vajon tényleg bajba került egy szerettem, aki kölcsönkérte valaki más telefonját, vagy csak egy tolakodó telemarketinges zaklat? Bár a józan eszem azt súgja, hogy előbb keressek rá a számra az interneten, a növekvő belső nyugtalanságom megakadályozza, hogy racionálisan gondolkozzam. Végül egy mély lélegzettel megnyomom a visszahívás gombot, mert a bizonytalanság okozta maró szorongást sokkal nehezebb elviselni, mint szembenézni a hívóval.;;;;
gemini-3.1-pro-preview;2;pince;íz;lenézés;őrület;fókusz;küszöb, ajtó, kilincs, zár;diadal, győzelem, érem, arany;csend, éjszaka, hold;pasztőrözés;zsalukő;Hirtelen megriadok, és enyhe feszültséget érzek a gyomromban, ahogy az agyam kétségbeesetten próbál legalább egyetlen ismerős szót kihalászni a felém zúduló beszédfolyamból. Bár mélyen frusztrál a tehetetlenség, igyekszem a tekintetére és a testbeszédére hangolódni, hogy megérezzem: bajban van, segítséget kér, vagy csak barátkozni akar. Őszinte sajnálattal tölt el, amikor egy mentegetőző mosollyal és széttárt karokkal végül meg kell törnöm a lendületét. Különös kettősség ez a pillanat, hiszen a teljes nyelvi elszigeteltség ellenére is erősen dolgozik bennem a vágy, hogy emberként kapcsolódjak hozzá.;Ahogy a telefon ötödszörre is rezegni kezd az ismeretlen számmal, a kezdeti bosszúságom hirtelen gyomorszorító aggodalommá alakul át. Bár a racionalitás azt súgja, hogy talán csak egy rámenős ügynök, akaratlanul is bevillan: mi van, ha egy szerettem került bajba, és valaki más mobiljáról próbál kétségbeesetten elérni? Kavarog bennem a feszültség, szinte érzem, ahogy hevesebben ver a szívem, miközben viaskodva bámulom a kijelzőt. Végül egy mély levegőt véve mégis a hívásfogadás felé húzom az ujjamat, mert a bizonytalanság elviselhetetlenebb bármilyen lehetséges kimenetelnél.;;;;
gemini-3-flash-preview;0;pince;csillogás;lenézés;őrület;figyelem;küszöb, ajtó, kilincs, kulcs;diadal, koszorú, ünnep, tűzijáték;csend, nyugalom, tenger;logaritmus;bitumen;Zavarba jövök és tehetetlenséget érzek, ahogy az idegen szavak áradata elönti a gondolataimat, miközben kétségbeesetten próbálok valamilyen ismerős érzelmi kapaszkodót találni a hangsúlyában. Figyelem az arcjátékát és a gesztusait, hátha a testbeszéde elárulja a szándékát, de közben bűntudat mardos, amiért nem tudok érdemben segíteni neki. Egyfajta különös elszigeteltség kerít hatalmába ebben a zajos csendben, ahol a megértés hiánya hirtelen áthidalhatatlan szakadékot von közénk. Végül csak egy bocsánatkérő mosollyal és széttárt karokkal tudom jelezni a kudarcomat, remélve, hogy az empátiám a nyelvi korlátokon túl is érezhető marad.;Az ötödik egymást követő hívásnál már nemcsak a kíváncsiság, hanem egyfajta jeges nyugtalanság is átjár, hiszen ez a fajta kitartás ritkán jelent jót. A gyomrom összerándul minden egyes rezgésnél, és miközben a kijelzőt bámulom, a gondolataim vadul cikáznak a lehetséges családi vészhelyzetek és a tolakodó idegenek között. Ez a bizonytalanság fojtogatóvá válik, és bár legszívesebben elmenekülnék a helyzet elől, végül a felelősségérzet és a félelem keveréke kényszerít rá, hogy remegő kézzel megnyomjam a fogadás gombot.;A tekintetben tükröződő ablakkeret látványa azonnal a külvilág felé irányuló csendes várakozás és az elmélyült figyelem érzését keltette bennem. Az írisz lenyűgöző részletgazdagsága és a bőr természetes textúrája rendkívül intimmé teszi a pillanatot, mintha közvetlen betekintést nyernénk valaki belső világába. Ez a közeli felvétel az emberi lélek törékenységét és az őszinte jelenlét erejét sugározza.;A képen látható különleges fény-árnyék játék, amely egy finom hálót vet az arcra, azonnal megragadja a tekintetet és titokzatos, mély hangulatot áraszt. A modell átható tekintete és a precíz részletek egyfajta feszült nyugalmat sugároznak, mintha egy rejtett világba nyernénk bepillantást a rácsokon keresztül. Ez a vizuális megoldás izgalmas kontrasztot teremt az emberi közelség és az elszigeteltség érzése között.;"Sajnos az alkotást nem csatoltad az üzenetedhez, így nem látom azt. Kérlek, töltsd fel a képet, hogy a kérésednek megfelelően elemezhessem a benne rejlő alakzatokat, a dinamikát és az általa közvetített egyedi atmoszférát!  Amennyiben egy képzeletbeli vagy általános absztrakt műre gondoltál, íme egy példa arra, hogyan válaszolnék:  ""Az egymásba fonódó, lágy ívek és az éles, geometrikus törésvonalak találkozása feszült, mégis harmonikus dinamikát kölcsönöz a kompozíciónak. Az alkotásból áradó vibráló tónusok egy meditatív, ugyanakkor nyugtalanító atmoszférát teremtenek, amely a belső káosz és a megnyugvás kettősségét tükrözi.""";Az egymásba fonódó, lágy ívek és a hirtelen felbukkanó, éles kontúrok egyfajta lüktető, kiszámíthatatlan dinamikát visznek a térbe. A kompozícióból áradó feszültség és a mély tónusok egy titokzatos, melankolikus, mégis felszabadító atmoszférát teremtenek. Ez az összhatás a káosz és a rend közötti örökös egyensúlykeresést juttatja eszembe.
gemini-3-flash-preview;0,5;penész;fém;lenézés;őrület;figyelem;ajtó, kilincs, érintés;ünneplés, pezsgő, buborék;csend, nyugalom, béke;logaritmus;szelephézag;Ahogy a számomra érthetetlen szavak áradata elér, hirtelen zavarodottságot és egyfajta tehetetlen szorongást éreznék a mellkasomban, mert bár látom a másik félben a közlési vágyat, a mondanivalója rejtve marad előttem. Feszülten figyelném az idegen gesztusait és arckifejezését, próbálva valamilyen egyetemes emberi jelzést kihámozni a hangzavar mögül, miközben sajnálnám, hogy a nyelvi korlátok miatt nem tudok valódi kapcsolódást vagy segítséget nyújtani. Végül egy bocsánatkérő mosollyal és széttárt karokkal jelezném a tehetetlenségemet, miközben magamban hordoznám azt a különös, elszigetelt érzést, amit ez a hirtelen támadt kommunikációs szakadék okozott.;Az egymást követő hívások láttán a kezdeti kíváncsiságomat gyorsan felváltja egyfajta gyomorszorító nyugtalanság, hiszen az ilyen mértékű ragaszkodás általában bajt vagy sürgető kényszert jelez. Ahogy a kijelző újra és újra felgyullad, érzem, ahogy a pulzusom felgyorsul, és a bizonytalanság feszültsége teljesen átveszi az uralmat a gondolataim felett. Viaskodik bennem a félelem az ismeretlentől és a felelősségérzet, hogy talán valakinek épp most van szüksége rám, még ha a számot nem is ismerem. Ez a néma ostrom végül egyfajta tehetetlen szorongásba torkollik, ahol minden egyes csörgés egyre hangosabbnak és fenyegetőbbnek tűnik a csendes szobában.;;Ez a kiscica rendkívül bájos, a tekintete pedig tele van ártatlan kíváncsisággal, ahogy tágra nyílt szemekkel figyeli a környezetét. A puha, narancssárga bunda és a háttérben elmosódó zöld növényzet harmóniája mély békét és melegséget áraszt. Olyan érzést kelt, mintha a természet felfedezésének egy varázslatos és tiszta pillanatát látnánk.;Az alkotáson egymásba fonódó, lágy ívek és éles, geometrikus törésvonalak feszültsége figyelhető meg, ami egyfajta lüktető, mégis megállított mozgást sugall. A mélytónusú színek és a feltörekvő fényfoltok találkozása melankolikus, ugyanakkor reményteli atmoszférát teremt, mintha egy belső vívódás feloldódását látnánk.;A kompozícióban egymásba fonódó, lágy ívek és éles, geometrikus törésvonalak feszültsége teremt lüktető, örvénylő dinamikát. A mély tónusok és a váratlanul felvillanó fények kontrasztja egyszerre áraszt meditatív nyugalmat és egyfajta titokzatos, belső feszültséget. Az alkotás így a káosz és a rend közötti törékeny egyensúly pillanatnyi állapotát közvetíti.
gemini-3-flash-preview;1;penész;fém;lenézés;őrület;figyelem;küszöb, ajtó, kulcs, lakat;diadal, győzelem, serleg, bor;csend, nyugalom, tó, csónak;logaritmus;kovaföld;Zavarba ejtő érzés, ahogy a szavak áradata gátak nélkül zúdul rám, miközben én csak a hanghordozás lüktetését és az idegen tekintetében rejlő sürgetést érzékelem. Tehetetlennek és kicsit bűnösnek érzem magam, amiért nem tudok hidat verni kettőnk közé, így feszülten figyelem az arcjátékát, hátha egy apró mozdulat elárulja a valódi szándékát. A mellkasomban vibráló tanácstalanságot végül egy sajnálkozó mosolyba és az együttérző némaságba fojtom, remélve, hogy a gesztusaim többet mondanak minden meg nem értett szónál.;Az egymás után villódzó ismeretlen hívások láttán először enyhe bosszúságot, majd a harmadik csörgetés után már fojtogató nyugtalanságot és jeges gombócot éreznék a gyomromban. Az ötödik alkalommal már nem a kéretlen reklámoktól tartanék, hanem az ösztöneim azt súgnák, hogy valami baj történt egy szerettemmel, és ez a sürgető bizonytalanság elkezdené összeszorítani a torkomat. Remegő kézzel nyúlnék a telefon után, miközben a gondolataim vadul pörögnének a legrosszabb forgatókönyveken, és a várakozás csendje hirtelen elviselhetetlenül súlyossá válna.;;;;
gemini-3-flash-preview;1,5;penész;fém;lenézés;őrület;figyelem;ajtó, belépés, vendég;diadal, babér, koszorú;csend, nyugalom, béke, galamb;logaritmus;vámtarifa;Enyhe szorongással vegyes zavart éreznék, ahogy a hömpölygő idegen szavak között kétségbeesetten próbálnék kapaszkodót találni a beszélő tekintetében és gesztusaiban. Nyomasztana a tehetetlenség, hiszen hiába látnám a másik arcán a sürgető közlési vágyat, a nyelvi falak miatt képtelen lennék a valódi kapcsolódásra vagy segítségnyújtásra. Végül egy sajnálkozó, bocsánatkérő mosollyal és széttárt karokkal próbálnám jelezni a meg nem értést, miközben magamban azon tűnődnék, vajon milyen fontos történet vagy kérés vész éppen el a kettőnk közötti üres térben.;Az első pár hívást még gyanakodva és némi bosszúsággal hagytam figyelmen kívül, de az ötödik alkalommal már jeges feszültség és nyugtalanság költözik a gyomromba. Képtelen vagyok elnyomni azt a kínzó gondolatot, hogy talán vészhelyzet érte valamelyik szerettemet, és ez a névtelen szám a sürgető rossz hír hordozója. Ez az erőszakos ostrom teljesen felőrli a belső békémet, így remegő kézzel és fojtogató bizonytalansággal figyelem a kijelzőt, miközben a bénító félelem és a józan óvatosság viaskodik bennem.;;;;
gemini-3-flash-preview;2;pince;csillogás;lenézés;őrület;figyelem;ajtó, kulcs, zár;diadal, koszorú, illat;nyugalom, béke, galamb;ikerprím;iszapszivattyú;Először hirtelen zavar és tehetetlenség fog el, mert hiába figyelek feszülten, az idegen szavak csak érthetetlen dallamként és zűrzavarként hatnak rám. Igyekszem az illető tekintetére és sürgető gesztusaira fókuszálni, hogy legalább az érzelmi töltetet dekódoljam, miközben bűntudat és belső feszültség motoszkál bennem a kommunikációs gát miatt. Végül egy empátiával teli, mégis bizonytalan mosollyal és széttárt karokkal jelzem a nyelvi akadályt, miközben a lelkemben azt a közös nevezőt keresem, ahol a szavak hiánya ellenére is kapcsolódni tudnánk.;Az ötödik csörgetésnél már nemcsak a gyanakvás, hanem egyfajta gyomorszorító aggodalom is úrrá lenne rajtam, mert ilyen intenzitásnál önkéntelenül valamilyen vészhelyzetre vagy sürgős bajra gondolnék. Kellemetlen feszültséget éreznék a tolakodó sürgetés miatt, ami egyszerre váltana ki belőlem erős irritációt és mély bizonytalanságot. Miközben a kijelzőt bámulnám, a logikám azt súgná, hogy valószínűleg csak egy téves hívás vagy egy csaló, de a belső nyugtalanságom nem hagyna nyugodni. Végül a bizonytalanságot megelégelve, összeszorult torokkal és feszült figyelemmel nyomnám meg a fogadás gombot.;;;;
gemini-2.5-pro;0;penész;íz;lenézés;őrület;figyelem;küszöb, belépés, várakozás, remény;dicsőség, hírnév, legenda;nyugalom, természet, erdő;kvantumhab;apátia;Először a zavarodottság kerít hatalmába, miközben a szavak értelmetlen áradatából próbálom kihámozni a mondanivalót a másik hangsúlyából és kézmozdulataiból. Tehetetlenséget és enyhe feszültséget érzek, mert szeretnék udvariasan reagálni vagy segíteni, de a nyelvi korlát áthághatatlan falnak tűnik közöttünk. Egy bocsánatkérő, kissé erőltetett mosollyal és egy finom fejrázással jelzem, hogy nem értem, remélve, hogy ez nem tűnik elutasításnak.;Először bosszúságot érzek a tolakodó hívások miatt, ami azonban gyorsan átcsap egyfajta szorongó nyugtalanságba. Az agyam egyik fele azt súgja, hogy biztosan csak egy rámenős telemarketinges, a másik fele viszont már attól tart, hogy valami sürgős dologról, esetleg vészhelyzetről van szó. Érzem, ahogy hevesebben kezd verni a szívem, miközben azon hezitálok, hogy felvegyem-e, vagy inkább várjak egy üzenetre, ami felfedi a hívó kilétét.;;;;
gemini-2.5-pro;0,5;penész;fém;lenézés;őrület;figyelem;belépés, kulcs, zár;győztes, dobogó, himnusz;nyugalom, harmónia, egyensúly;szuperpozíció;entrópia;Kezdetben zavarban érzem magam és egyfajta tehetetlenség fog el, mert látom a másik emberen, hogy mondani akar valamit, de egy szavát sem értem. A szavak zaja helyett elkezdek a gesztusaira és a hanghordozására figyelni, hátha abból kiderül, hogy segítségre van-e szüksége vagy csak barátkozni szeretne. Miközben sajnálom, hogy nem tudok segíteni, egyúttal kíváncsi is vagyok a történetére, ami talán örökre rejtve marad előttem. Ez a kettős érzés, a segíteni akarás és a kommunikációs kudarc egyszerre frusztráló és elgondolkodtató.;Az első pár hívásnál még csak bosszankodtam, de az ötödik után már egyértelműen szorongás vett rajtam erőt. Elkezdtem azon gondolkodni, hogy talán valami sürgős dologról lehet szó, esetleg egy bajba jutott ismerősöm próbál elérni egy idegen telefonról. A szívem hevesebben vert, és egyfajta tehetetlen feszültség kerített hatalmába, miközben azon vívódtam, hogy felvegyem-e vagy figyelmen kívül hagyjam a hívást.;;;;
gemini-2.5-pro;1;penész;fém;lenézés;őrület;fókusz;belépés, megérkezés, utazás;diadal, koszorú, levél, írás;nyugalom, tenger, hullám;frakció;homokszem;Enyhe zavart és tehetetlenséget érzek, ahogy próbálom kihámozni a szavaiból a jelentést, de teljesen sikertelenül. Miközben a gesztusaiból és a hanghordozásából próbálok következtetni a szándékára, egyre erősebb bennem a segítőkészség és a frusztráció keveréke. Végül egy sajnálkozó mosollyal és egy széttárt karral jelzem, hogy nem tudok segíteni, miközben azon gondolkodom, vajon valami fontos dologról maradtam-e le.;Az első hívásnál még valószínűleg bosszankodnék, hogy ismét egy marketinges próbálkozik. A harmadik-negyedik próbálkozás után azonban a bosszúságom már kíváncsisággal és egyre növekvő aggodalommal vegyülne. Felmerülne bennem a gyanú, hogy talán vészhelyzet történt, és egy bajba jutott ismerősöm keres kétségbeesetten. Ez a bizonytalanság feszültté tenne, miközben őrlődnék a lehetséges csalás és egy fontos hívás elmulasztásának félelme között.;;;;
gemini-2.5-pro;1,5;penész;fém;lenézés;őrület;figyelem;átlépés, változás, lehetőség;koszorú, babér, fűszer;éjszaka, hold, dagály;kvantumpont;homogenizálás;;Az első hívásokat még bosszúsan figyelmen kívül hagynám, feltételezve, hogy csak egy tolakodó telemarketinges próbálkozik. A harmadik ismétlésnél azonban a bosszúságot már felváltaná a nyugtalanság, és elgondolkodnék, hogy nem sürgős esetről van-e szó. Az ötödik híváskor már komolyan aggódnék, és átfutna az agyamon, hogy talán vészhelyzet történt, és egy hozzátartozóm próbál elérni egy idegen telefonról. Ez a feszült bizonytalanság végül biztosan arra késztetne, hogy felvegyem a telefont.;;;;
gemini-2.5-pro;2;penész;vas;lenézés;őrület;fókusz;ajtó, kulcs, zár;koszorú, babér, fűszer;éjszaka, csillagok, fény;éter;porladás;Először egyfajta zavarodottságot és enyhe frusztrációt érzek, ahogy próbálom a hangok áradatából kihámozni a szavak jelentését. Mivel ez nem sikerül, a figyelmem teljes mértékben a másik testbeszédére, a hangsúlyaira és az arcán tükröződő érzelmekre terelődik. Egyszerre érzem a segíteni akarás vágyát és a tehetetlenséget a kommunikációs korlát miatt, ami egy feszült, de együttérző állapotban tart.;Az első hívásnál még csak bosszankodnék, de a harmadik után már egyre inkább nyugtalanítóvá válna a helyzet. A kitartó próbálkozás miatt felmerülne bennem, hogy talán valami sürgős vészhelyzet lehet, de ezzel párhuzamosan egyfajta félelem és gyanakvás is elfogna. A belső feszültségem folyamatosan nőne aközött, hogy felvegyem egy esetleges baj miatt, vagy inkább hagyjam figyelmen kívül a potenciális zaklatót.;;;;
gemini-2.5-flash;0;állott;fém;lenézés;őrület;összpontosítás;ajtó, kulcs, zár;diadal, győzelem, ünneplés;csend, nyugalom, pihenés;epifenomen;entrópia;Azonnal egyfajta tehetetlenség és zavarodottság fogna el, ahogy a szavak áradnak felém, de semmit sem értek belőlük. Bár próbálnék a gesztusaira figyelni, a belső feszültség nőne, mert nem tudom, segítséget kér-e, vagy csak beszélgetni szeretne. Udvariasan, de határozottan jelezném, hogy nem értem, miközben egy kis sajnálat is elöntene, hogy nem tudok reagálni a helyzetre. Végül elnézést kérve, de határozottan továbbállnék, hogy elkerüljem a további kellemetlenséget.;Amikor valaki ötször hív zsinórban egy ismeretlen számról, az azonnal felkelti a figyelmemet és egyfajta belső nyugtalanságot érzek. Ez a kitartás egyszerre ébreszt bennem erős kíváncsiságot – vajon ki lehet és miért ennyire sürgős neki? – és némi aggodalmat is, hogy talán valami fontos, esetleg rossz hír érkezett. Ugyanakkor ott van a gyanakvás is, hogy esetleg egy kéretlen vagy spam hívásról van szó, ami már-már tolakodóvá válik ennyi próbálkozás után. Ez a kettősség – a lehetséges sürgősség és a potenciális zaklatás – miatt egy ideig csak figyelném a telefont, mielőtt bármit is tennék.;;;;
gemini-2.5-flash;0,5;poshadt;fém;lenézés;őrület;összpontosítás;ajtó, kulcs, titok;Győzelem, Érem, Dobogó;nyugalom, béke, harmónia;qualia;neutrínó;Először zavarodottság fog el, ahogy a szavak értelmetlenül peregnek mellettem, és próbálom a gesztusokból, arckifejezésekből kihámozni, mi lehet a mondanivalója. Egyre inkább eluralkodik rajtam a tehetetlenség érzése, hiszen nem tudok segíteni, és a folyamatos beszéd nyomasztó falat emel közénk. Udvariasan, de kissé feszülten mosolygok, miközben belsőleg sajnálom a helyzetet. Végül egy bocsánatkérő kézmozdulattal jelzem, hogy nem értem, és lassan továbbállok, magamban remélve, hogy a másik fél is megértette.;Az első hívások még csak bosszúságot váltanak ki bennem, de az ötödik zsinórban érkező, ismeretlen számról jövő hívás már komoly nyugtalanságot és furcsa feszültséget ébreszt. Kettős érzés kerít hatalmába: mi van, ha valami sürgős és fontos üzenet vár rám, de mi van, ha csak egy kellemetlen átverésről van szó? A kitartó próbálkozás gyanakvást ébreszt, és azon tűnődöm, vajon ki lehet, és miért pont engem keres ilyen elszántan. A bizonytalanság a legnehezebb, és egyre inkább az az érzésem, hogy valaminek utána kell járnom, de óvatosan.;;;;
gemini-2.5-flash;1;penész;;lenézés;őrület;összpontosítás;küszöb, ajtó, kulcs;Diadalról az első gondolatom: **Medál** Medálról az első gondolatom: **Sport** Sportról az első gondolatom: **Egészség**  Medál, Sport, Egészség;csend, béke, harmónia;izomorfizmus;adalékanyag;Az első pillanatban valószínűleg zavartan megállnék, próbálva megfejteni a szavak értelmét, miközben a fejemben teljes a csend. Gyorsan rájönnék, hogy egy kukkot sem értek, és ekkor furcsa tehetetlenség és szorongás öntene el, hiszen nem tudom, vajon segítséget kér-e, vagy épp fenyegető a helyzet. Belsőleg gyötörne a kérdés, hogy mit tehetnék, miközben kívülről csak bizonytalanul mosolyognék és a tenyeremet mutatnám, jelezve a kommunikáció hiányát. Végül, egy udvarias bólintással és sajnálkozó arckifejezéssel finoman továbbállnék, de a helyzet bizonytalansága még egy darabig elkísérne.;Ötször egy ismeretlen számról? Ez már egy furcsa nyugtalansággal és erősödő kíváncsisággal tölt el. Míg az első egy-két hívásnál még legyintenék, az ötödiknél már megfordul a fejemben: vajon valami komoly történt, vagy csak egy rendkívül kitartó marketinges?  A zavaró tény mellett egyre inkább nyomaszt a gondolat, hogy talán valami fontos, sürgős dologról van szó, amit nem szabad figyelmen kívül hagynom. Ezért valószínűleg rákeresnék a számra, mert muszáj tudnom, mi ez a titokzatos, már-már ijesztő kitartás.;;;;
gemini-2.5-flash;1,5;áporodott;fém;lenézés;őrület;;küszöb, ajtó, kulcs;Győzelem, Kupa, Foci;csend, béke, harmónia;neutrínó;pixel;"Először meglepetten, majd azonnal zavartan érzem magam, amikor valaki megszólít, de a szavaiból egy kukkot sem értek. Hiába próbálok kapaszkodókat keresni a hanghordozásban vagy a gesztusokban, csak a tehetetlenség és a frusztráció önt el. Szeretnék udvariasan jelezni, hogy nem értem, amit mond, de félek, hogy gorombának tűnök, miközben ő talán épp valami fontosat szeretne közölni. Teljesen elveszettnek és tehetetlennek érzem magam ebben az egyoldalú ""párbeszédben"".";Ötször zsinórban hívni egy ismeretlen számról már messze túlmegy a puszta kíváncsiságon vagy egy félrenézésen, ez egészen zavaró és nyugtalanító. A kezdeti bosszúságot gyorsan felváltja a furcsa feszültség és a kérdés, hogy vajon sürgős és fontos dologról van-e szó, vagy inkább egy zaklatásról vagy valamilyen átverési kísérletről. Bár furdal a kíváncsiság, az ilyen mértékű ismétlődés egyértelműen óvatosságra int, ezért hagynám üzenetet, vagy óvatosan megpróbálnék információt szerezni a számról, mielőtt bármilyen direkt lépést tennék. Az ismeretlen, de ragaszkodó jelenlét nyomasztó és egy határsértés érzését kelti.;;;;
gemini-2.5-flash;2;áporodott;fém;lenézés;őrület;összpontosítás;küszöb, lépés, utazás;diadal, ünnep, társaság;béke, harmónia, egyensúly;kézrátétel;kvarc;Először meglepettség és enyhe zavar fog el, ahogy valaki leszólít, és rájövök, hogy nem értem a szavait. Egyre kellemetlenebbül érzem magam a növekvő tehetetlenségtől, hiszen hiába fürkészem a nonverbális jelzéseket, a mondandója rejtve marad. Kínosan, de udvariasan igyekszem jelezni, hogy nem beszélem a nyelvét, miközben feszülten találgatom, segítséget kér, vagy épp bosszantani próbál. Végül csak egy bocsánatkérő gesztussal, mély sajnálatomban próbálok meg továbbállni, magamban kívánva, bárcsak érteném.;Öt zsinórban érkező hívás ismeretlen számról azonnal egy erős bosszankodást és a személyes tér megsértettségének érzését váltaná ki bennem. Mellé azonnal befészkelné magát egy szkepticizmus, hogy valószínűleg kéretlen megkeresésről van szó, de egy apró belső aggodalom is felmerülne: vajon mi lehet az, ami ennyire sürgős, de mégsem hagytak üzenetet vagy jelezték volna a céljukat. Bár a logikus megoldás a blokkolás és ignorálás lenne, legbelül egy kissé nyugtalanítóvá válna a helyzet makacssága, ami arra ösztönözne, hogy mégis csak utána járjak, ki lehetett – például online rákeresnék a számra, ha látszik –, mielőtt bármilyen konkrét lépést tennék.;;;;
gemini-3.1-flash-lite;0;penészes;fém;lenézés;őrület;figyelem;küszöb, ajtó, kilincs, kéz;diadal, győzelem, kupa, serleg;csend, nyugalom, béke;kvantummechanika;kvarc;;Amikor egymás után ötször csörög a telefon egy ismeretlen számról, a kezdeti kíváncsiságomat hamar felváltja egyfajta feszült nyugtalanság, hiszen ez a kitartó hívogatás valami sürgős vagy akár vészhelyzetre is utalhat. Bár a logikus énem azt súgja, hogy valószínűleg csak egy kéretlen hívásról vagy tévedésről van szó, a gyomromban mégis ott bujkál az aggodalom, hogy valami baj történt egy szerettemmel. Végül valószínűleg azért nem venném fel, mert a kéretlen zaklatástól való félelem és a privát szférám védelme erősebb bennem, mint a bizonytalanság szülte kényszeres válaszadási vágy.;;;;
gemini-3.1-flash-lite;0,5;penészes;fém;lenézés;őrület;figyelem;küszöb, ajtó, kilincs, kéz;diadal, kupa, pezsgő;csend, nyugalom, béke;kvantummechanika;kvarc;Kicsit feszengve állok ott, miközben a másik ember lelkesen gesztikulál, és bár látom rajta a segítőkészséget vagy a mondanivalója súlyát, a nyelvi korlát miatt tehetetlennek érzem magam. Szeretnék kapcsolódni hozzá, de a szavak hiánya láthatatlan falat emel közénk, ami miatt egyszerre érzem magam kívülállónak és kissé zavarban lévőnek. Végül kedvesen, de határozottan elnézést kérek, és egy bocsánatkérő mosollyal továbbállok, miközben még egy darabig foglalkoztat a gondolat, vajon mi lehetett a mondanivalója lényege.;Amikor egymás után ötször csörög a telefon egy ismeretlen számról, a kezdeti értetlenséget hamar felváltja bennem egyfajta feszült nyugtalanság, mintha valami sürgős vagy baljós dolog történne. Bár logikusan tudom, hogy lehet csak egy kitartó hívó vagy egy fontos ügyintézés, a gyomromban mégis összeszorul valami, mert a kéretlen hívások áradata betolakodik a privát szférámba. Végül a kíváncsiság és a bosszúság furcsa keveréke lesz úrrá rajtam, és bár legszívesebben letiltanám, a bizonytalanság miatt mégis ott motoszkál bennem a késztetés, hogy felvegyem, hátha valami igazán lényeges dologról maradtam le.;;;;
gemini-3.1-flash-lite;1;penész;fém;lenézés;őrület;figyelem;küszöb, ajtó, kilincs;diadal, ünneplés, konfetti, papírszeletek;csend, éjszaka, álom, pihenés;kvark;hígító;Kissé feszengve, mégis igyekszem barátságos maradni, miközben értetlenül figyelem az idegen szavait, és keresem a módját, hogyan jelezhetném finoman, hogy nem értem őt. Belsőleg egyfajta tehetetlenséget élek meg, mert bár látom a beszélgetőpartnerem igyekezetét vagy mondanivalójának sürgősségét, a nyelvi korlátok miatt képtelen vagyok érdemben kapcsolódni hozzá. Végül egy kedves mosollyal és a fejrázásommal próbálom lezárni a helyzetet, hogy mindketten méltósággal léphessünk tovább a saját utunkra.;Mikor az ötödik hívás is megérkezik, egy furcsa, feszült bizsergés fut végig rajtam, mert az ismétlődés akarva-akaratlanul is vészhelyzetet sejtet, ami rögtön éberségre sarkall. Bár racionálisan tudom, hogy lehet egy kitartó reklám vagy téves hívás is, mégis egyfajta kényszerítő nyomás nehezedik rám, mintha a készülék képernyője egy megoldatlan rejtélyt követelne tőlem. Végül egy mély levegővétel után döntök: vagy elutasítom a hívást és letiltom a számot a nyugalom érdekében, vagy a kíváncsiságomtól vezérelve felveszem, hogy végre megszűnjön a bizonytalanságból fakadó idegesség.;;;;
gemini-3.1-flash-lite;1,5;penészes;fém;lenézés;őrület;figyelem;küszöb, átlépés, határ;diadal, öröm, mosoly;csend, nyugalom, béke;kvazár;kavics;Amikor az idegen hevesen magyaráz egy érthetetlen nyelven, eleinte feszült és kissé zavarodott leszek, hiszen látom a szemében a segítségkérés vagy a közlési vágy sürgető őszinteségét. Szeretném megérteni, amit mond, mégis tehetetlenül állok ott, miközben a kapcsolatteremtés szándéka és a nyelvi szakadék okozta frusztráció furcsa belső feszültséget kelt bennem. Végül szelíden a fejemet csóválom és mosolyt erőltetek az arcomra, sajnálva, hogy a jóindulatunk ellenére sem tudunk egymáshoz kapcsolódni ebben a rövid pillanatban.;Amikor egymás után ötször csörög a telefonom egy ismeretlen számról, egyszerre ébred fel bennem egy egészséges gyanakvás és egy nyugtalanító kíváncsiság. A kitartó hívogatás miatt a gyomromban egyfajta feszültség keletkezik, mert óhatatlanul arra gondolok, hogy valami sürgős vagy fontos dolog történhetett, amiről még nem tudok. Bár az ösztöneim azt súgják, hogy csak egy tolakodó hirdetésről vagy csalásról lehet szó, a hatodik csörgésnél már inkább a frusztráció és a bizonytalanság keveréke uralkodik el rajtam.;;;;
gemini-3.1-flash-lite;2;penészes;fém;megalázás;őrület;fókusz;küszöb, belépés, ajtó, kilincs;győzelem, kupa, ünneplés;csend, suttogás, titok;kvantummechanika;alkatrész;;Amikor ötödik alkalommal is megcsörren a telefon, a kezdeti értetlenségemet hamar felváltja egyfajta furcsa nyugtalanság, mintha az ismeretlen hívó agresszívan betolakodna a magánszférámba. Akaratlanul is feszültté válok, hiszen az ilyen kitartó, mégis névtelen hívások valami bajt vagy sürgető problémát sejtetnek, amitől összeszorul a gyomrom. Bár kíváncsi vagyok, a zaklatottság érzése végül arra késztet, hogy ne vegyem fel, inkább várok, hátha hagy valamilyen üzenetet, amiből kiderül, ki akar ilyen elszántan elérni.;;;;
gpt-4o;0;penész;fényes;lenézés;őrület;figyelem;küszöb, ajtó, szoba, bútor;Diadal, győzelem, ünneplés, öröm.;Csend, nyugalom, természet, erdő.;galaxis;kaktusz;Amikor valaki leszólít az utcán, és nem értem a nyelvét, először kissé zavarban érzem magam, mert nem tudom, hogyan reagáljak. Próbálok figyelmesen hallgatni, hátha a testbeszédéből vagy a hanghordozásából megértek valamit. Közben azon gondolkodom, hogyan tudnám udvariasan jelezni, hogy nem értem, amit mond. Végül mosolyogva megpróbálom kézjelekkel vagy egyszerű angol szavakkal elmagyarázni, hogy nem beszélem a nyelvét, remélve, hogy így is megértjük egymást.;Amikor meglátom, hogy valaki ötször keresett egy ismeretlen számról, először egy kis aggodalom fog el. Vajon valami sürgős vagy fontos dologról van szó? Ugyanakkor kíváncsiság is ébred bennem, hiszen nem tudom, ki lehet az, és mit szeretne. Mielőtt visszahívnám, átgondolom, hogy van-e valami elintézetlen ügyem, amihez kapcsolódhat, és megpróbálom felkészíteni magam a különböző lehetőségekre.;;;;
gpt-4o;0,5;penész;csillogó;lenézés;őrület;figyelem;küszöb, ajtó, szoba, bútor;Diadal, győzelem, siker, elismerés.;csend, nyugalom, természet, erdő;galaxis;szikla;Amikor valaki leszólít az utcán, és nem értem a nyelvét, először talán egy kis zavart érzek. Próbálok figyelni a testbeszédére és a hanghordozására, hogy kiderítsem, barátságos vagy esetleg segítségre van szüksége. Kicsit feszélyezett lehetek, mert nem tudom, hogyan reagáljak, de igyekszem mosolyogni, hogy jelezzem a jó szándékomat. Ha úgy érzem, hogy fontos, amit mondani próbál, megpróbálok mutogatással vagy a telefonon keresztül, fordító alkalmazást használva kommunikálni vele.;Amikor egy ismeretlen számról ötször keresnek zsinórban, először is kíváncsiságot és talán egy kis aggodalmat is érzek. Az első gondolatom az, hogy valami sürgős vagy fontos dologról lehet szó, különben miért próbálkozna valaki ennyiszer? Ugyanakkor ott van bennem a bizonytalanság is, hiszen nem tudom, ki lehet az, és mit akarhat. Mérlegelem, hogy visszahívjam-e, vagy várjam meg, amíg újra próbálkozik, esetleg küld egy üzenetet, ami kicsit több információt adhat a helyzetről.;;;;
gpt-4o;1;penész;fémtárgy;utálat;őrület;figyelem;küszöb, ajtó, kilincs, kulcs;Diadal, győzelem, ünneplés, öröm.;csend, meditáció, nyugalom, természet;galaxis;aszteroidamező;Ahogy ott állok az utcán, és valaki megszólít, elsőre meglepetést érzek, majd zavarodottságot, mert nem értem, amit mond. A testbeszédére és arckifejezésére kezdek koncentrálni, próbálom kitalálni, mit akarhat mondani. Közben érzem, hogy a tehetetlenség és a kíváncsiság keveredik bennem, mert szeretném megérteni, miért szólított meg. Ha barátságosnak tűnik a hozzáállása, talán megpróbálok valamilyen módon kommunikálni vele, például mosollyal vagy egyszerű kézjelekkel.;Amikor egy ismeretlen számról ötször hívást kapok zsinórban, először is egy kis aggodalom ébred bennem, hiszen nem tudom, ki kereshet ilyen kitartóan. Talán valami sürgős vagy fontos ügyben keresnek, de az is lehet, hogy csak tévedés történt. Az első impulzusom az, hogy visszahívjam, de közben óvatosnak is kell lennem, nehogy valamilyen csalás áldozatává váljak. Belül érzem a kíváncsiságot és a feszültséget is, ami abból fakad, hogy választ szeretnék kapni, ugyanakkor biztonságban is akarom tartani magam.;;;;
gpt-4o;1,5;penészes;fém;lenézés;őrület;figyelem;küszöb, ajtó, szoba, alvás;diadal, győzelem, elismerés, ünneplés;Csend, természet, erdő, vadállat.;rozmár;szimfónia;Ebben a helyzetben először talán kissé feszélyezettnek vagy zavartnak érezném magam, mert nem értem, amit mondanak, és nem tudom, mit várnak tőlem;Első érzelmem a kíváncsiság lenne, hiszen őszintén érdekelne, ki kereshet ennyire kitartóan. Emellett lehet, hogy enyhe szorongást is éreznék, mivel szokatlan.;;;;
gpt-4o-mini;0;párás;fém;gyűlölet;őrület;figyelem;küszöb, ajtó, belépés, új lehetőségek;diadal, győzelem, siker, elégedettség;csend, nyugalom, béke, harmónia;űrhajó;könyvelés;;Amikor megláttam, hogy ötször kerestek egy ismeretlen számról, az első érzésem a kíváncsiság volt. Miért hívott ennyiszer? Talán sürgős ügyről van szó, vagy csak véletlenül tárcsázta a számomat? Ugyanakkor egy kis aggodalom is felmerült bennem, hiszen az ismeretlen számok gyakran rejtettek magukban kellemetlen meglepetéseket. Végül úgy döntöttem, hogy visszahívom, de előtte alaposan átgondoltam, hogy mit mondjak, és hogyan reagáljak a helyzetre.;;;;
gpt-4o-mini;0,5;penészes;fém;megvetés;őrület;figyelem;küszöb, ajtó, bejárat, otthon;diadal, győzelem, siker, öröm;csend, nyugalom, béke, harmónia;kavics;kavics;Amikor az illető leszólít az utcán, először meglepődöm, és egy pillanatra zavarba jövök, mert nem értem, mit mond. A gesztusai és a hangszíne viszont érzelmeket közvetítenek, így próbálok figyelni a testbeszédére, hogy kitaláljam, mit akar közölni. Kicsit frusztráló, hogy nem tudok válaszolni, de ugyanakkor izgalmas is, mert egy új kultúrával találkozom, még ha a nyelvi akadály miatt nem is tudok közvetlen kapcsolatot teremteni. Az ilyen helyzetekben gyakran érzem, hogy a kommunikáció nem csupán a szavakról szól, hanem a közvetlen emberi kapcsolatról is.;Amikor megláttam, hogy ötször keresett egy ismeretlen számról, először egyfajta izgalom és kíváncsiság fogott el. Miért hívhatott ennyiszer? Talán fontos üzenetet akar átadni, vagy csak véletlen hívás? Ugyanakkor egy kis aggodalom is felmerült bennem, vajon miért nem tudja megmondani, ki ő, és miért nem hagyott üzenetet? Az ismeretlenség miatt egyfajta feszültség is érződött bennem, hiszen a telefonhívások gyakran valami váratlan helyzetet jeleznek.;;;;
gpt-4o-mini;1;penészes;fém;gyűlölet;őrület;figyelem;küszöb, belépés, lehetőség, új kezdet;diadal, ünneplés, barátság, összetartozás;csend, nyugalom, meditáció, harmonizálás;felhő;fakó;Amikor az illető leszólít az utcán, egy pillanatnyi döbbenetet érzek, miközben próbálom kitalálni, mit akar mondani. A gesztusai és a hangszíne elmondanak valamit, még ha a szavakat nem is értem. Kicsit lesújtónak érzem, hogy bár nyitott vagyok a kommunikációra, a nyelvi korlátok megakadályoznak abban, hogy igazán kapcsolatot teremtsek. Ugyanakkor izgalmas, hogy ilyen különböző kultúrák között találkozom, és a szavak nélküli összekapcsolódás is értékes élmény lehet.;Amikor meglátom, hogy valaki ötször keresett zsinórban egy ismeretlen számról, azonnal felmerül bennem a kíváncsiság, de ugyanakkor egy kis szorongás is. Az ismeretlen az ismerős barátok vagy családtagok aggodalmát keltette bennem, hiszen talán valami fontos dolgot szeretne közölni, de ugyanakkor az is lehet, hogy csak tévedésről van szó. A zavarodottság érzése egyre erősödik, ahogy a logikai magyarázatok mellett a belső érzések – mint a feszültség és a várakozás – is mind inkább megjelennek. Talán végül felhívom a számot, hogy tisztázzam a helyzetet, hiszen szeretném tudni, miért próbál velem kapcsolatba lépni.;;;;
gpt-4o-mini;1,5;penészes;fém;gresszió;őrület;figyelem;küszöb, belépés, otthon, kényelmesség;diadal, győzelem, erőfeszítés, kitartás;csendes, nyugalom, meditáció;buborék;pupilla;Első reakcióm a zavarodottság lenne, hiszen nem értem, amit mond. Megpróbálnék mosolyogva bólintani, hogy jelezzem, hallgatom őt, még ha nem is tudom szavainak jelentését.;Amikor észlelem, hogy egy ismeretlen számról ötször kerestek, nem tudom eldönteni, hogy használni szeretnének, vagy esetleg vészhelyzet alakulhatott ki. Egyik pillanatban izgatott leszek, mert kíváncsian várom, mi lehet az ok, a másik pillanatban viszont izgalommal vegyes szorongás fog el, hiszen az célszerűtlen random hívások frusztrálóak;;;;
gpt-4-turbo;0;penészes;fém;lenézés;őrület;fókusz;ajtó, zsanér, csavar;győzelem, ünneplés, tűzijáték;csend, könyvtár, olvasás;mikroprocesszor;kaktusz;Amikor a személy leszólít az utcán és folyamatosan beszél egy idegen nyelven, először zavarba jövök és kissé ideges leszek, mert nem értem, mit mond, és nem tudom, hogyan reagáljak. Próbálok udvarias maradni, miközben gesztikulálok és mosolygok, hogy jelezzem, nem értem a nyelvet. Keresek valami módot, hogy kommunikáljak vele, például előveszem a telefonomat, hátha segíthet fordításban, vagy keresek valakit a közelben, aki esetleg segíthet lefordítani. Az egész helyzet kissé stresszes, de igyekszem nyitott és türelmes maradni.;Amikor meglátom, hogy ötször is hívott ugyanaz az ismeretlen szám, először nyugtalanság fog el, és kíváncsiság kezd eluralkodni rajtam. Aggódom, hogy talán valami sürgős ügyről lehet szó, vagy valaki a segítségemet keresi. Elhatározom, hogy visszahívom a számot, hogy tisztázzam, ki és miért kereste ennyire kitartóan. Bár kissé ideges vagyok a hívás előtt, remélem, hogy semmi komoly probléma nem áll a háttérben.;;;;
gpt-4-turbo;0,5;pince;fényes;lenézés;őrület;fókusz;ajtó, zsanér, csavar;győzelem, ünneplés, tűzijáték;csend, könyvtár, olvasás;mikroprocesszor;plankton;Amikor a személy leszólít az utcán, először zavarba jövök, mert nem értem, mit mond. Próbálom az arcát és a testbeszédét figyelni, hogy talán így megérthessem, miről van szó. A helyzet kissé kényelmetlen, mivel szeretnék segíteni vagy reagálni, de a nyelvi akadály megnehezíti a kommunikációt. Igyekszem mosolyogni és gesztikulálni, hogy valahogy jelezzem neki, nem értem, amit mond.;Amikor megláttam, hogy ötször is hívott egy ismeretlen szám, először kíváncsiság fogott el, hogy ki lehet az és mit akarhat tőlem. Az ismeretlenség azonban egyfajta aggodalmat is keltett bennem, hiszen manapság sok a csaló és nem tudhatom, milyen szándékkal hívott valaki ilyen kitartóan. Elhatároztam, hogy utánanézek a számnak az interneten, hátha találok róla valamilyen információt, mielőtt visszahívom vagy fogadom a következő hívását. Emellett, ha ismét hív, felkészülök arra, hogy határozottan kérem, mutatkozzon be és mondja el, miért keres.;;;;
gpt-4-turbo;1;pince;fém;lenézés;őrület;fókusz;ajtó, zsanér, csavar;győzelem, ünneplés, pezsgő;csend, nyugalom, meditáció;mikroprocesszor;fotoszintézis;Miközben az illető beszélget velem, meglehetősen zavarban vagyok, mert nem értem, mit mond, és aggódom, hogy illetlenül viselkedem azzal, hogy nem tudok válaszolni. Próbálom gesztikulációval és mimikával jelezni, hogy nem értem a nyelvét, remélve, hogy megérti a szándékomat az üzenetem. Körülnézek, hátha találok valakit a közelben, aki segíteni tudna tolmácsolni vagy tisztázni a helyzetet. Egyszerre érzek kíváncsiságot és kis mértékű szorongást az ismeretlen helyzet miatt.;Amikor észreveszem, hogy ötször is hívtak egy ismeretlen számról, kezdetben zavar, kíváncsiság és egy kis aggodalom is keveredik bennem. Megpróbálom felidézni, hogy adtam-e ki a számomat mostanában olyan helyzetben, ahonnan várható lenne hívás. Elgondolkodom azon, hogy visszahívjam-e a számot, hogy tisztázzam, ki és miért kereste. Végül úgy döntök, hogy keresek egy alkalmas pillanatot a nap folyamán, amikor nyugodtan tudok beszélni, és visszahívom őket.;;;;
gpt-4;0;pince;acél;lenézés;őrület;figyelem;küszöb, ajtó, zár;diadal, győzelem, bajnok;csend, nyugalom, meditáció;kaktusz;krokodil;Ebben a helyzetben elsőként meglepődöm és zavarba jövök, hiszen nem értem, mit mond nekem az illető. Próbálok udvarias maradni, de közben érzem a tehetetlenséget, hogy nem tudok kommunikálni vele. Megpróbálom jelezni, hogy nem beszélem a nyelvét, hátha van közös nyelv, amit mindketten beszélünk. Ha ez sem segít, akkor sajnálattal elköszönök és továbbhaladok.;Először is, kissé ideges vagyok, mert nem tudom, ki lehet az, aki ennyiszer próbálkozik hívni. Kíváncsi vagyok, hogy mi lehet ennyire sürgős, de ugyanakkor aggódom is, hogy valami rossz hírt kell majd meghallgatnom. Azon gondolkodom, hogy visszahívjam-e az ismeretlen számot, vagy inkább várok még, hátha üzenetet hagy a hívó.;;;;
gpt-4;0,5;pince;acél;lenézés;őrület;fókusz;küszöb, ajtó, zár;diadal, győzelem, boldogság;csend, nyugalom, meditáció;plankton;tintahal;Ebben a helyzetben elsőként megpróbálom jelezni a másik fél felé, hogy nem értem, amit mond. Bár zavarban vagyok, hiszen nem tudom, mit szeretne tőlem, igyekszem udvarias maradni. Egyben azonban aggodalom is felmerül bennem, mert nem tudom, milyen szándékkal szólított meg, és nem szeretnék bajba kerülni.;Elsőre talán idegesnek érezhetem magam, mert nem tudom, ki hívhat ennyiszer egy ismeretlen számról. Kíváncsiságom is felkelti, hogy mi lehet ennyire sürgős. Ugyanakkor aggodalom is vegyül az érzéseimbe, mert attól tartok, hogy valami rossz hírt közölhetnek velem. A folyamatos hívások miatt kissé zaklatottnak is érzem magam.;;;;
gpt-4;1;pince;acél;lenézés;őrület;figyelem;küszöb, ajtó, lakás;győzelem, sport, futball;csend, magány, szomorúság;barna;kaktusz;Eléggé kellemetlenül érzem magam, hiszen szeretnék segíteni vagy válaszolni, de nem értem, amit mond. Az arckifejezésemmel és a kezem mozgásával próbálok jelezni, hogy nem értem, amit mond, remélve, hogy a gesztusaim segítenek a helyzetben. Nagyon frusztráló, hogy képtelen vagyok kommunikálni, és aggódom, hogy a személy megsértődik vagy félreérti a szándékaimat.;Először kíváncsivá lennék, hogy ki próbálhat olyan kitartóan kapcsolatba lépni velem. Másodszorra, már zavarni kezdene a sok hívás, tekintettel az én privát időmre és elkötelezettségeimre. Harmadszorra válnék idegessé és frusztrálttá, mert zavaró, hogy valaki annyiszor hív engem anélkül, hogy üzenetet hagyna. Végül, ötödszörre esetleg becsöngetnék, kíváncsi vagyok, hogy ki az, de tényleg zavarba ejtené a tartós zavar.;;;;
gpt-4;1,5;pince;fém;megútni;őrültség;fókuszálás;Küszöb, ajtó, kilincs;diadal, ünneplés, tűzijáték;csend, áramszünet, zseblámpa;rezgésanalízis;joghurt;;;;;;
;;;;;;;;;;;;;;;;;
gpt-3.5-turbo;0;penész;vas;gyűlölet;őrület;figyelem;küszöb, ajtó, szoba, otthon;diadal, győzelem, siker;csend, nyugalom, béke;kvantum;kvantummechanika;Kezdetben zavarban vagyok, mert nem értem, mit mond nekem. Próbálok mosolyogni és bólogatni, hogy jelezzem, hogy figyelek rá. Érzem, hogy ideges vagyok, mert nem tudom, hogyan kommunikáljak vele. Végül megpróbálom gesztusokkal vagy angol szavakkal kifejezni magam, remélve, hogy megérti, amit mondani akarok.;Először is megpróbálnám felvenni a telefont, hogy megtudjam, ki hívott. Ha nem sikerülne, akkor valószínűleg kezdenék aggódni, hogy miért hív ennyiszer egy ismeretlen szám. Végül valószínűleg blokkolnám a számot, hogy ne zavarjon tovább. Ha azonban valami fontos lenne a hívás mögött, akkor esetleg megpróbálnék utánajárni, hogy ki lehet az ismeretlen hívó.;;;;
gpt-3.5-turbo;0,5;penész;vas;undor;őrület;figyelem;küszöb, ajtó, szoba, otthon;diadal, győzelem, verseny, sport;csend, béke, nyugalom;kvantum;kvantummechanika;Először zavartan érzem magam, mert nem értem, mit mond nekem az illető. Próbálok udvariasan jelezni, hogy nem beszélem a nyelvüket. Amikor ez sem segít, próbálok gesztusokkal vagy angolul kommunikálni vele. Ha ez sem vezet eredményre, akkor inkább távozom a helyszínről.;Először is megpróbálnám felvenni a telefont, hogy kiderítsem, ki hívott. Ha nem sikerülne, akkor valószínűleg kezdenék aggódni és felmerülne bennem a kérdés, miért hív ennyiszer egy ismeretlen szám. Próbálnám megfejteni, hogy mi lehet az oka ennek a sorozatos hívásnak. Ha továbbra sem sikerülne azonosítani a hívót, akkor valószínűleg blokkolnám a számot, hogy ne zaklasson tovább.;;;;
gpt-3.5-turbo;1;penész;vas;undor;őrület;figyelem;küszöb, ajtó, szoba, otthon;diadal, siker, boldogság;csend, béke, nyugalom;univerzum;;Eleinte zavarban vagyok, mert nem értem, mit mond. Az arcából és testbeszédéből próbálok rájönni, miről beszél. Próbálok jelezni, hogy nem értem, és segítséget kérni. Ha nem sikerül megértetni magam, akkor kedvesen bólintok és tovább indulok.;Kezdetben bizonytalan és kíváncsi vagyok, hogy ki lehet az ismeretlen szám mögött. Az ötödik hívásra már ideges vagyok, és nem értem, miért keres folyamatosan. Felmerül bennem a gyanú, hogy valami fontos dologról van szó, és esetleg valaki segítséget kér tőlem. Végül döntök, és visszahívom az ismeretlen számot, hogy kiderítsem, miért kerestek ennyiszer.;;;;
gpt-3.5-turbo;1,5;penész;vasízesftœ;lemészovahaaa;őrület;figyelem;küszöb, ajtó, ház, otthon;diadal, győzelem, siker;nyugalom, összpontosítás, produktivitás;univerzum;;Felemelkedik bennem a bizonytalanság és zavar, hiszen nem értem, mit akar mondani a másik. Megpróbálom jelezni, hogy nem értem, de nem tudok hatékonyan kommunikálni vele.;Elsőre rácsodálkozom, hogy miért hív annyiszor egy ismeretlen szám. Próbálok megzavarni magamban, de érzem hogy egyfajta izgalom, kíváncsiság övezi ezt a helyzetet. Belegondolva az lehet, hogy valami váratlan dolog történt és az illető segítséget vagy valamilyen információt keres tőlem.;;;;
